"No","Tujuan konten","Format non-video","Judul pembuka (hook)","Isi / alur singkat","Caption siap edit","CTA","Arahan visual statis"
"1","Interaksi dan riset selera","Carousel 4 slide","Kopi kamu: bold atau creamy?","S1 pertanyaan; S2 penjelasan preferensi bold tanpa klaim produk; S3 preferensi creamy; S4 ajakan komentar.","Setiap orang punya selera kopi berbeda. Ada yang suka rasa kopi terasa tegas, ada yang mencari tekstur lebih lembut. Kalau sedang memilih secangkir kopi, kamu lebih condong ke mana? Tulis bold atau creamy di kolom komentar, ya.","Komentar 'bold' atau 'creamy'.","Foto dua cangkir ilustratif; judul pendek; ikon kontras. Gunakan foto milik brand."
"2","Edukasi sederhana","Carousel 3 slide","Es kopi atau kopi hangat?","S1 pemantik; S2 faktor suasana dan kebiasaan; S3 minta audiens memilih.","Ada hari yang terasa pas ditemani minuman dingin, ada pula saat kamu ingin menikmati kopi hangat. Tidak ada pilihan paling benar; sesuaikan dengan suasana dan selera. Tim es kopi atau kopi hangat hari ini?","Pilih minuman favorit lewat komentar.","Dua foto produk nyata dari brand; warna dingin dan hangat. Jangan tampilkan menu yang tidak dijual."
"3","Memperkenalkan brand","Foto tunggal","Ada cerita di balik secangkir kopi","Tampilkan proses penyajian aktual; soroti perhatian pada pengalaman pelanggan, tanpa klaim bahan atau kualitas yang belum diverifikasi.","Kadang hal sederhana menjadi bagian paling ditunggu dari rutinitas: memilih minuman favorit lalu menikmatinya tanpa buru-buru. Inilah salah satu momen yang ingin kami bagikan dari sudut kedai kami. Kamu biasanya menikmati kopi saat jam berapa?","Ceritakan jam ngopi favorit.","Foto asli proses penyajian atau barista dengan persetujuan; hindari foto stok yang diklaim milik brand."
"4","Membangun kebiasaan kunjungan","Carousel 3 slide","3 momen yang cocok ditemani kopi","S1 pembuka; S2 sebelum mulai aktivitas; S3 saat istirahat atau ngobrol; tutup dengan pertanyaan.","Kopi tidak harus selalu jadi bagian dari pagi. Bisa juga menjadi teman ketika rehat sebentar, ngobrol dengan teman, atau menikmati waktu sendiri. Kalau hari ini ada kesempatan istirahat, kamu paling ingin ngopi sambil melakukan apa?","Simpan ide dan bagikan pilihanmu.","Tiga visual suasana sederhana, gunakan hanya lokasi atau setting yang benar-benar tersedia."
"5","Menumbuhkan kedekatan","Foto tunggal","Pesanan favoritmu bisa berubah-ubah","Soroti bahwa selera dapat menyesuaikan suasana, tanpa menyarankan produk tertentu.","Hari ini mungkin ingin sesuatu yang ringan, besok ingin rasa yang lebih tegas. Selera itu tidak harus selalu sama. Kami senang mendengar cerita di balik pilihan kopi kamu. Penasaran, kamu tipe yang setia pada satu pesanan atau suka mencoba hal berbeda?","Komentar 'setia' atau 'eksplor'.","Foto close-up minuman nyata dengan ruang teks dan logo sesuai panduan brand."
"6","Membantu calon pembeli","Carousel 4 slide","Baru mau mampir? Mulai dari sini","S1 sambutan; S2 lihat menu resmi; S3 tanyakan rekomendasi sesuai selera; S4 cek jam dan lokasi resmi.","Pertama kali mampir ke kedai baru tidak perlu bingung. Mulai dari melihat pilihan menu, tentukan selera yang kamu cari, lalu tanyakan rekomendasi yang sesuai. Sebelum berkunjung, pastikan jam buka dan lokasi terbaru dari akun resmi kami, ya.","Lihat informasi menu dan lokasi di profil.","Desain seperti checklist; semua info alamat, menu dan jam operasional harus diisi dari brief klien."
"7","Mendapat masukan pelanggan","Carousel 3 slide","Ada satu hal yang ingin kami tanyakan","S1 ajakan; S2 pilih preferensi konten: menu, cerita kedai atau tips kopi; S3 ruang saran.","Kami ingin membuat konten yang benar-benar berguna untuk kamu. Lebih suka melihat rekomendasi menu, cerita keseharian kedai, atau tips menikmati kopi? Jawabanmu membantu kami memilih topik berikutnya. Tulis satu pilihan atau usul ide lain, ya.","Usulkan tema konten minggu depan.","Gunakan tiga kartu pilihan dengan ilustrasi sederhana; tidak memerlukan klaim faktual."
"8","Edukasi minuman","Carousel 4 slide","Baca menu kopi tanpa bingung","S1 masalah; S2 cek apakah ada susu; S3 cek pilihan suhu dan ukuran yang tercantum; S4 tanyakan barista bila ragu.","Nama menu kopi kadang terdengar asing. Tidak apa-apa bertanya sebelum memesan. Cek keterangan menu resmi, pikirkan rasa yang kamu sukai, lalu tanyakan pilihan yang sesuai jika masih ragu. Menurutmu, informasi apa yang paling membantu saat membaca menu?","Komentar informasi yang paling kamu butuhkan.","Foto menu resmi atau kartu teks; jangan mengarang ukuran, kandungan dan bahan."
"9","Komunitas dan interaksi","Foto tunggal","Ngopi sendiri atau bareng teman?","Bandingkan dua suasana tanpa mengasumsikan fasilitas kedai.","Ada yang suka menikmati kopi sambil mengambil jeda sendiri. Ada juga yang menjadikan ngopi sebagai alasan untuk ketemu teman. Dua-duanya punya cerita masing-masing. Kalau punya waktu luang akhir pekan ini, kamu pilih ngopi sendiri atau rame-rame?","Tag teman kalau ingin ngajak ngopi.","Kolase dua momen dengan model berizin atau ilustrasi netral; jangan tampilkan area yang tidak tersedia."
"10","Menutup rangkaian konten","Carousel 3 slide","Terima kasih sudah ikut ngobrol soal kopi","S1 rekap tema minggu ini; S2 contoh pertanyaan audiens; S3 undang topik berikutnya.","Dari obrolan soal selera sampai momen paling nyaman untuk menikmati kopi, ternyata setiap orang punya kebiasaan berbeda. Terima kasih sudah ikut berbagi. Konten berikutnya ingin membahas apa? Kami siap mengumpulkan ide dan membuatnya lebih dekat dengan kebutuhanmu.","Tulis usulan konten berikutnya.","Rekap grafis 3 topik tanpa mengklaim statistik komentar yang belum tersedia."
